Ticker,Position lifetime ROI (*),Position value,Monthly ROI (*),Yearly ROI (*),Position start (YY-MM-DD),Position last update (YY-MM-DD)
cmg,1.364,1000453.012,1.01,1.121,2019-05-11,2022-05-12
gpk,1.323,612197.689,1.009,1.108,2019-05-11,2022-05-12
flt,0.988,-3471.718,1.0,0.996,2019-05-11,2022-03-11
mdt,1.089,481810.915,1.002,1.03,2019-05-11,2022-05-12
cmcsa,0.935,-176793.86,0.998,0.978,2019-05-11,2022-05-12
grmn,1.236,116428.626,1.006,1.078,2019-05-11,2022-05-12
keys,1.865,442647.613,1.024,1.288,2019-05-11,2022-05-12
panw,1.0,0.0,1.0,1.0,2019-05-11,2019-05-11
azpn,0.968,-1299.2,0.999,0.986,2019-05-11,2021-09-16
wll,0.399,-19225.6,0.795,-1.492,2019-05-11,2019-08-07
br,1.242,21441.536,1.007,1.085,2019-05-11,2022-03-11
gwre,0.998,-286.51,1.0,0.999,2019-05-11,2022-03-11
ssnc,1.075,41407.292,1.002,1.025,2019-05-11,2022-05-12
ntap,1.131,12573.713,1.004,1.049,2019-05-11,2022-01-10
wex,0.98,-2984.856,0.999,0.993,2019-05-11,2022-05-12
payc,0.818,-55470.006,0.995,0.939,2019-05-11,2022-05-12
fico,1.0,0.0,1.0,1.0,2019-05-11,2020-05-14
uri,1.672,160836.837,1.018,1.223,2019-05-11,2022-05-12
hfc,0.745,-12252.8,0.981,0.769,2019-05-11,2020-06-18
aer,0.452,-61320.11,0.965,0.57,2019-05-11,2020-08-18
mgm,0.841,-25447.229,0.996,0.947,2019-05-11,2022-05-12
zen,1.039,1577.6,1.001,1.014,2019-05-11,2022-02-09
gpn,0.903,-62766.608,0.997,0.964,2019-05-11,2022-01-10
gww,1.242,58074.116,1.007,1.086,2019-05-11,2022-03-11
splk,1.132,7372.16,1.004,1.049,2019-05-11,2022-01-10
antm,1.346,197916.644,1.011,1.13,2019-05-11,2022-01-10
dal,0.797,-242550.191,0.994,0.932,2019-05-11,2022-05-12
sq,1.775,338493.005,1.022,1.273,2019-05-11,2022-03-11
abmd,1.533,115093.228,1.015,1.177,2019-05-11,2022-05-12
cah,1.024,4436.906,1.001,1.009,2019-05-11,2022-01-10
brkr,1.0,0.0,1.0,1.0,2019-05-11,2020-05-14
leg,1.295,23565.391,1.01,1.125,2019-05-11,2021-09-16
rng,0.502,-67712.64,0.986,0.834,2019-05-11,2022-05-12
team,0.944,-22669.841,0.998,0.982,2019-05-11,2022-05-12
msi,1.065,17751.728,1.002,1.022,2019-05-11,2022-05-12
cat,1.314,680766.057,1.009,1.105,2019-05-11,2022-05-12
has,1.009,790.198,1.0,1.004,2019-05-11,2021-10-15
aapl,1.19,1826128.658,1.005,1.063,2019-05-11,2022-05-12
bsx,1.133,153399.298,1.004,1.044,2019-05-11,2022-05-12
clr,0.509,-35362.208,0.952,0.41,2019-05-11,2020-03-10
exc,0.85,-71812.408,0.995,0.936,2019-05-11,2021-09-16
algn,2.484,1917713.172,1.041,1.494,2019-05-11,2022-05-12
mro,0.591,-94886.744,0.977,0.718,2019-05-11,2020-10-22
luv,1.428,136807.175,1.012,1.142,2019-05-11,2022-05-12
vrtx,1.144,84836.204,1.005,1.056,2019-05-11,2021-12-08
hpq,1.229,84646.084,1.007,1.089,2019-05-11,2021-12-08
ulta,0.973,-8541.713,0.999,0.99,2019-05-11,2022-02-09
lin,1.433,865997.864,1.012,1.144,2019-05-11,2022-05-12
ctxs,0.818,-23323.627,0.994,0.932,2019-05-11,2022-01-10
fdx,0.872,-340044.986,0.997,0.958,2019-05-11,2022-05-12
fb,0.729,-5567216.977,0.993,0.91,2019-05-11,2022-05-12
ecl,0.741,-190399.273,0.993,0.914,2019-05-11,2022-05-12
abt,1.139,249456.026,1.004,1.046,2019-05-11,2022-05-12
rost,0.888,-41318.44,0.997,0.963,2019-05-11,2022-05-12
now,0.787,-406069.931,0.994,0.929,2019-05-11,2022-05-12
ctas,1.376,129860.864,1.01,1.125,2019-05-11,2022-05-12
wday,0.921,-31102.759,0.998,0.974,2019-05-11,2022-05-12
wat,0.968,-7890.248,0.999,0.989,2019-05-11,2022-05-12
vfc,0.927,-149262.79,0.998,0.976,2019-05-11,2022-05-12
wba,1.039,235853.852,1.001,1.013,2019-05-11,2022-05-12
dhr,1.318,1952918.785,1.009,1.106,2019-05-11,2022-05-12
ftnt,2.704,477208.413,1.047,1.567,2019-05-11,2022-05-12
payx,1.066,13706.135,1.002,1.024,2019-05-11,2022-02-09
ge,1.055,45152.183,1.002,1.023,2019-05-11,2021-10-15
mck,1.838,181056.879,1.025,1.304,2019-05-11,2022-02-09
tdg,1.079,32534.208,1.002,1.026,2019-05-11,2022-05-12
pxd,0.782,-55724.633,0.992,0.908,2019-05-11,2021-09-16
qcom,1.588,976091.993,1.016,1.196,2019-05-11,2022-05-12
chtr,1.41,590756.876,1.011,1.136,2019-05-11,2022-05-12
glw,1.476,810200.823,1.013,1.158,2019-05-11,2022-05-12
hum,1.252,630671.053,1.007,1.089,2019-05-11,2022-03-11
bmy,1.285,443350.5,1.008,1.095,2019-05-11,2022-05-12
iqv,1.689,1625614.755,1.019,1.229,2019-05-11,2022-05-12
cnc,1.123,49748.36,1.004,1.046,2019-05-11,2022-01-10
mtd,1.298,26264.0,1.01,1.119,2019-05-11,2021-11-10
biib,0.945,-96516.88,0.999,0.982,2019-05-11,2022-05-12
slb,0.621,-136372.451,0.99,0.874,2019-05-11,2022-05-12
jpm,1.69,9335436.406,1.019,1.23,2019-05-11,2022-05-12
wfc,1.704,2790046.974,1.019,1.234,2019-05-11,2022-05-12
ew,1.349,316643.821,1.01,1.116,2019-05-11,2022-05-12
googl,0.878,-3953536.103,0.997,0.959,2019-05-11,2022-05-12
nee,1.303,160949.701,1.008,1.101,2019-05-11,2022-05-12
amzn,1.098,2112600.977,1.003,1.032,2019-05-11,2022-05-12
jnj,1.265,740419.083,1.007,1.088,2019-05-11,2022-05-12
zts,1.296,486269.008,1.008,1.099,2019-05-11,2022-05-12
orly,1.373,95464.007,1.013,1.158,2019-05-11,2021-09-16
cme,1.021,20716.566,1.001,1.007,2019-05-11,2022-04-11
acn,1.637,1835300.225,1.017,1.212,2019-05-11,2022-05-12
emr,1.517,468077.645,1.014,1.172,2019-05-11,2022-05-12
fisv,1.006,3786.534,1.0,1.002,2019-05-11,2022-03-11
ci,1.207,793187.509,1.006,1.069,2019-05-11,2022-05-12
eog,0.368,-1666551.176,0.978,0.732,2019-05-11,2021-09-16
dis,0.822,-1376857.052,0.995,0.941,2019-05-11,2022-05-12
cvs,1.841,2050723.622,1.024,1.296,2019-05-11,2022-03-11
intu,2.044,2621146.977,1.029,1.347,2019-05-11,2022-05-12
msft,1.605,9219394.368,1.017,1.201,2019-05-11,2022-05-12
abbv,2.01,3298995.35,1.028,1.336,2019-05-11,2022-05-12
hca,1.636,328030.858,1.018,1.218,2019-06-12,2022-05-12
adbe,1.217,2028777.095,1.006,1.075,2019-06-12,2022-05-12
rop,1.308,286498.685,1.009,1.105,2019-06-12,2022-05-12
usb,1.303,147149.663,1.009,1.104,2019-06-12,2022-05-12
adi,1.363,245410.936,1.01,1.125,2019-06-12,2022-05-12
mkc,1.227,16367.904,1.007,1.091,2019-06-12,2021-12-08
aph,1.105,22758.567,1.003,1.036,2019-06-12,2022-05-12
disca,0.691,-101236.489,0.99,0.881,2019-06-12,2022-01-10
mdlz,1.147,203665.315,1.004,1.05,2019-06-12,2022-05-12
klac,2.119,161114.562,1.032,1.383,2019-06-12,2022-05-12
it,2.051,525647.014,1.03,1.36,2019-06-12,2022-05-12
amat,2.159,2443373.824,1.033,1.397,2019-06-12,2022-05-12
swk,1.332,104103.286,1.009,1.114,2019-06-12,2022-05-12
txn,1.896,4806132.239,1.025,1.307,2019-06-12,2022-05-12
ip,1.723,266032.163,1.02,1.248,2019-06-12,2022-05-12
mchp,1.253,421578.84,1.007,1.087,2019-06-12,2022-05-12
mo,1.644,594868.828,1.02,1.242,2019-06-12,2022-02-09
lbrda,1.061,40353.912,1.002,1.021,2019-06-12,2022-05-12
unp,1.123,225847.93,1.004,1.052,2019-06-12,2021-10-15
adm,1.429,227981.542,1.012,1.147,2019-06-12,2022-05-12
vtrs,0.874,-31141.404,0.996,0.95,2019-06-12,2021-12-08
mar,1.219,196023.054,1.006,1.075,2019-06-12,2022-05-12
el,2.216,1712052.851,1.034,1.417,2019-06-12,2022-05-12
bll,0.966,-5675.505,0.999,0.987,2019-06-12,2022-02-09
nsc,1.164,308340.081,1.005,1.056,2019-06-12,2022-05-12
mmp,1.027,2600.0,1.002,1.018,2019-06-12,2020-11-21
ups,1.185,108753.612,1.005,1.063,2019-06-12,2022-05-12
tjx,1.435,743817.591,1.012,1.149,2019-06-12,2022-05-12
lng,0.675,-34001.28,0.982,0.775,2019-06-12,2020-11-21
oxy,0.599,-201398.989,0.976,0.706,2019-06-12,2020-10-22
axp,1.37,1033121.05,1.01,1.127,2019-06-12,2022-05-12
lrcx,2.134,1244178.357,1.032,1.389,2019-06-12,2022-05-12
mmc,2.004,1480787.664,1.028,1.344,2019-06-12,2022-05-12
aptv,1.353,209091.557,1.01,1.121,2019-06-12,2022-05-12
xom,0.954,-107513.016,0.998,0.98,2019-06-12,2021-09-16
ice,1.136,47114.274,1.004,1.049,2019-06-12,2022-03-11
vz,1.032,249926.525,1.001,1.011,2019-06-12,2022-05-12
hal,0.679,-82269.266,0.984,0.8,2019-06-12,2021-01-16
syk,1.355,745066.837,1.01,1.122,2019-06-12,2022-05-12
f,1.036,15949.068,1.001,1.012,2019-06-12,2022-05-12
etn,2.137,399159.375,1.032,1.39,2019-06-12,2022-05-12
ftv,1.038,26426.364,1.001,1.013,2019-06-12,2022-05-12
cost,1.869,3282337.854,1.026,1.316,2019-06-12,2022-03-11
dd,1.503,2023074.634,1.014,1.172,2019-06-12,2022-05-12
mnst,1.452,232128.901,1.013,1.155,2019-06-12,2022-05-12
fis,0.776,-680006.745,0.994,0.923,2019-06-12,2022-05-12
amgn,0.979,-41613.227,0.999,0.992,2019-06-12,2022-03-11
pep,1.297,1154008.207,1.008,1.102,2019-06-12,2022-05-12
pfe,1.112,1586127.852,1.003,1.038,2019-06-12,2022-05-12
hon,1.185,55429.6,1.005,1.063,2019-06-12,2022-05-12
rtlr,1.0,0.0,1.0,1.0,2019-06-12,2019-07-12
pg,1.364,3376682.27,1.01,1.125,2019-06-12,2022-05-12
cop,0.649,-407569.478,0.987,0.845,2019-06-12,2021-09-16
blk,2.942,2410549.97,1.055,1.666,2019-06-12,2022-05-12
unh,1.64,1655247.91,1.019,1.233,2019-06-12,2022-03-11
pba,0.882,-15324.75,0.993,0.919,2019-06-12,2020-11-21
ceqp,0.738,-38307.85,0.977,0.716,2019-06-12,2020-05-14
wab,1.349,1175641.269,1.01,1.12,2019-06-12,2022-05-12
mndt,1.9,1760703.623,1.027,1.328,2019-06-12,2022-03-11
pagp,1.407,46240.0,1.028,1.342,2019-07-12,2020-09-19
sun,1.0,0.0,1.0,1.0,2019-07-12,2020-11-21
alny,1.0,0.0,1.0,1.0,2019-07-12,2019-07-12
exas,1.0,0.0,1.0,1.0,2019-07-12,2019-07-12
mrk,1.072,882509.17,1.002,1.025,2019-07-12,2022-05-12
orcl,1.147,339786.51,1.004,1.052,2019-07-12,2022-05-12
nke,1.559,2572962.034,1.016,1.197,2019-07-12,2022-05-12
intc,1.023,117507.553,1.001,1.008,2019-07-12,2022-05-12
csx,1.254,535432.804,1.007,1.089,2019-07-12,2022-05-12
ko,1.303,4667927.623,1.009,1.107,2019-07-12,2022-05-12
dov,1.69,60737.879,1.025,1.305,2019-07-12,2021-10-15
nclh,0.651,-22331.281,0.987,0.84,2019-07-12,2021-09-16
fl,1.0,0.0,1.0,1.0,2019-07-12,2019-10-17
hog,1.0,0.0,1.0,1.0,2019-07-12,2020-04-10
bby,1.539,250326.838,1.016,1.19,2019-07-12,2022-05-12
oke,1.096,21679.2,1.005,1.063,2019-07-12,2021-01-16
anet,2.303,648095.435,1.038,1.459,2019-07-12,2022-05-12
blue,1.0,0.0,1.0,1.0,2019-07-12,2019-10-17
uhs,1.401,60961.477,1.013,1.155,2019-07-12,2022-02-09
nwl,1.302,14484.8,1.009,1.106,2019-07-12,2022-05-12
alk,0.989,-937.6,1.0,0.996,2019-07-12,2022-01-10
wlk,0.998,-160.0,1.0,0.999,2019-07-12,2021-09-16
sm,1.0,0.0,1.0,1.0,2019-07-12,2019-07-12
dhi,1.33,158564.998,1.01,1.116,2019-07-12,2022-05-12
msci,1.296,80905.199,1.009,1.104,2019-07-12,2022-05-12
uber,1.141,40977.587,1.004,1.05,2019-07-12,2022-05-12
nwsa,1.034,12681.264,1.001,1.012,2019-07-12,2022-05-12
fwonk,1.369,20638.4,1.012,1.147,2019-07-12,2022-01-10
mur,0.67,-10560.0,0.964,0.559,2019-07-12,2020-04-10
aap,1.0,0.0,1.0,1.0,2019-07-12,2021-09-16
hbi,1.02,31345.463,1.001,1.007,2019-07-12,2022-05-12
snps,1.475,193759.266,1.014,1.167,2019-07-12,2022-05-12
nktr,0.677,-15484.8,0.965,0.569,2019-07-12,2020-04-10
pki,0.942,-12152.656,0.998,0.979,2019-07-12,2022-05-12
mco,2.073,370718.09,1.031,1.378,2019-07-12,2022-05-12
rig,0.925,-2400.0,0.992,0.9,2019-07-12,2020-04-10
ebay,1.756,321964.748,1.022,1.267,2019-07-12,2022-05-12
wrk,0.604,-53904.027,0.989,0.86,2019-07-12,2022-05-12
hsy,1.236,22645.28,1.008,1.098,2019-07-12,2021-12-08
bwa,0.978,-9072.921,0.999,0.992,2019-07-12,2022-05-12
cf,1.345,22080.0,1.013,1.158,2019-07-12,2021-09-16
qrtea,0.898,-4096.0,0.986,0.825,2019-07-12,2020-02-11
rmd,1.427,112614.918,1.014,1.165,2019-07-12,2022-02-09
nvda,4.678,20184456.459,1.107,2.297,2019-07-12,2022-05-12
lulu,1.723,104110.927,1.021,1.255,2019-07-12,2022-05-12
nov,0.602,-15921.6,0.956,0.468,2019-07-12,2020-04-10
wec,0.926,-7734.976,0.996,0.951,2019-07-12,2021-01-16
mlm,1.644,340894.303,1.019,1.227,2019-07-12,2022-05-12
udr,1.145,22056.148,1.004,1.054,2019-07-12,2022-03-11
emn,0.969,-2493.769,0.999,0.989,2019-07-12,2022-05-12
sgen,0.475,-67166.541,0.984,0.803,2019-07-12,2022-03-11
ccep,0.841,-8916.8,0.994,0.932,2019-07-12,2021-11-10
fmc,1.165,11865.6,1.006,1.073,2019-07-12,2021-10-15
nem,1.0,-1.6,1.0,1.0,2019-07-12,2022-01-10
lumn,1.207,26539.178,1.007,1.08,2019-07-12,2022-02-09
tmus,0.925,-65735.479,0.998,0.972,2019-07-12,2022-03-11
mcd,0.975,-34166.77,0.999,0.991,2019-07-12,2022-05-12
uaa,1.015,1278.716,1.0,1.005,2019-07-12,2022-05-12
meli,2.19,537852.369,1.034,1.42,2019-07-12,2022-05-12
chrw,1.501,56125.512,1.015,1.188,2019-07-12,2022-03-11
wm,1.276,274846.284,1.008,1.097,2019-07-12,2022-05-12
kdp,1.295,21254.4,1.011,1.135,2019-07-12,2021-09-16
alb,1.592,1429139.41,1.017,1.209,2019-07-12,2022-05-12
aep,1.005,1400.129,1.0,1.002,2019-07-12,2021-09-16
akam,1.308,41827.202,1.009,1.115,2019-07-12,2022-03-11
fti,0.855,-4640.0,0.984,0.806,2019-07-12,2020-04-10
cdns,1.294,96715.38,1.009,1.104,2019-07-12,2022-05-12
abc,1.296,63886.17,1.01,1.118,2019-07-12,2022-01-10
aal,0.581,-70363.621,0.988,0.852,2019-07-12,2022-05-12
reg,0.818,-14562.181,0.993,0.917,2019-07-12,2021-09-16
hrl,1.092,6647.632,1.003,1.037,2019-07-12,2022-01-10
exr,1.248,23853.315,1.008,1.093,2019-07-12,2022-03-11
jbht,1.814,110710.507,1.024,1.287,2019-07-12,2022-05-12
stz,0.924,-38592.765,0.998,0.973,2019-07-12,2022-05-12
mos,1.309,92542.354,1.01,1.124,2019-07-12,2022-01-10
yum,1.031,8865.026,1.001,1.011,2019-07-12,2022-05-12
bkr,0.821,-11436.8,0.993,0.918,2019-07-12,2021-09-16
tpr,0.47,-67902.638,0.985,0.813,2019-07-12,2022-05-12
hes,1.068,2731.2,1.006,1.073,2019-07-12,2020-06-18
twtr,0.769,-211199.113,0.993,0.918,2019-07-12,2022-05-12
vmw,1.0,-54.138,1.0,1.0,2019-07-12,2022-01-10
tsco,1.684,60198.4,1.02,1.241,2019-07-12,2022-05-12
bmrn,1.02,640.0,1.001,1.009,2019-07-12,2021-10-15
odfl,1.767,153320.347,1.022,1.27,2019-07-12,2022-05-12
vrsn,1.059,5671.644,1.002,1.022,2019-07-12,2022-03-11
apa,0.744,-24560.0,0.975,0.696,2019-07-12,2020-05-14
lmt,1.019,5148.4,1.001,1.009,2019-07-12,2021-09-16
expd,1.403,32227.968,1.012,1.142,2019-07-12,2022-05-12
syy,1.424,77977.906,1.012,1.149,2019-07-12,2022-05-12
gpc,1.085,5440.0,1.002,1.03,2019-07-12,2022-05-12
expe,1.337,51285.182,1.01,1.119,2019-07-12,2022-05-12
shw,0.963,-38792.334,0.999,0.987,2019-07-12,2022-05-12
apd,1.171,314134.606,1.005,1.06,2019-07-12,2022-05-12
tgt,2.932,824173.29,1.056,1.681,2019-07-12,2022-05-12
nue,1.944,90608.0,1.03,1.365,2019-07-12,2022-02-09
ttwo,1.253,85045.186,1.007,1.089,2019-07-12,2022-05-12
lyv,0.876,-60077.961,0.996,0.956,2019-07-12,2022-05-12
nflx,1.068,352181.233,1.002,1.024,2019-07-12,2022-05-12
noc,1.025,10201.712,1.001,1.012,2019-07-12,2021-09-16
mpc,0.636,-96123.907,0.986,0.833,2019-07-12,2021-09-16
wmt,0.917,-187682.033,0.998,0.971,2019-07-12,2022-05-12
adsk,0.827,-659434.101,0.995,0.939,2019-07-12,2022-05-12
bk,1.045,19589.996,1.001,1.016,2019-07-12,2022-05-12
psx,1.142,93681.385,1.005,1.055,2019-07-12,2022-02-09
omc,0.895,-40499.743,0.997,0.958,2019-07-12,2022-01-10
ilmn,1.219,966439.563,1.006,1.077,2019-07-12,2022-05-12
ms,2.805,1301291.127,1.052,1.636,2019-07-12,2022-05-12
isrg,1.751,2508267.882,1.022,1.265,2019-07-12,2022-05-12
adp,1.237,216269.581,1.007,1.084,2019-07-12,2022-05-12
hd,1.638,3749032.021,1.018,1.225,2019-07-12,2022-05-12
bac,1.91,5466415.148,1.026,1.321,2019-07-12,2022-05-12
tmo,1.455,397688.957,1.013,1.161,2019-07-12,2022-05-12
bwxt,1.0,0.0,1.0,1.0,2019-07-12,2019-08-07
dow,1.375,177232.721,1.012,1.149,2019-08-07,2022-02-09
bkng,1.515,1067179.361,1.015,1.186,2019-08-07,2022-05-12
atvi,1.095,205454.258,1.003,1.034,2019-08-07,2022-05-12
peg,1.228,47478.134,1.009,1.108,2019-08-07,2021-09-16
mac,0.369,-70621.696,0.933,0.181,2019-08-07,2020-05-14
lly,1.494,414860.991,1.015,1.179,2019-08-07,2022-05-12
ato,1.17,10969.2,1.005,1.066,2019-08-07,2022-03-11
aes,0.842,-6336.0,0.983,0.794,2019-08-07,2020-05-14
aee,0.979,-2962.988,0.999,0.986,2019-08-07,2021-01-16
nrg,1.262,16782.4,1.015,1.181,2019-08-07,2021-01-16
vlo,0.862,-40059.352,0.995,0.934,2019-08-07,2021-09-16
crm,0.773,-890814.705,0.993,0.918,2019-08-07,2022-05-12
entg,1.003,1060.0,1.0,1.005,2019-08-07,2020-04-10
xel,1.043,4813.216,1.001,1.017,2019-09-12,2022-03-11
ni,0.702,-30970.131,0.982,0.779,2019-09-12,2021-01-16
evrg,0.992,-329.6,0.999,0.994,2019-09-12,2021-01-16
lyb,0.988,-2893.352,1.0,0.995,2019-09-12,2022-01-10
ual,0.514,-120649.746,0.985,0.818,2019-09-12,2022-05-12
so,0.801,-93340.291,0.992,0.901,2019-09-12,2021-09-16
ppl,0.902,-15069.118,0.994,0.927,2019-09-12,2021-01-16
regn,1.934,500522.28,1.031,1.374,2019-09-12,2022-03-11
ir,1.379,78921.839,1.012,1.142,2019-09-12,2022-05-12
schw,1.368,573855.864,1.011,1.138,2019-09-12,2022-05-12
mplx,1.164,32163.36,1.011,1.137,2019-09-12,2020-11-21
mmm,1.127,202721.497,1.004,1.047,2019-09-12,2022-05-12
ipgp,1.383,27552.0,1.013,1.164,2019-09-12,2022-01-10
spr,1.0,0.0,1.0,1.0,2019-09-12,2020-03-10
gps,0.734,-29736.545,0.992,0.9,2019-09-12,2022-05-12
urbn,1.006,54465.747,1.0,1.002,2019-09-12,2022-05-12
flr,1.146,5840.0,1.018,1.218,2019-09-12,2020-05-14
aos,1.581,23254.4,1.019,1.233,2019-09-12,2022-03-11
fang,0.959,-4605.931,0.997,0.963,2019-09-12,2020-10-22
cof,1.453,426398.588,1.015,1.182,2019-09-12,2022-03-11
jef,0.743,-10268.8,0.969,0.618,2019-09-12,2020-05-14
cdev,1.0,0.0,1.0,1.0,2019-09-12,2019-10-17
rok,1.007,2544.541,1.0,1.003,2019-09-12,2022-05-12
ugi,0.812,-12036.8,0.973,0.675,2019-09-12,2020-04-10
eix,1.092,10336.614,1.006,1.068,2019-09-12,2021-01-16
alv,1.0,0.0,1.0,1.0,2019-09-12,2020-04-10
enr,1.0,0.0,1.0,1.0,2019-09-12,2020-05-14
kss,1.0,0.0,1.0,1.0,2019-09-12,2020-03-10
jwn,1.0,0.0,1.0,1.0,2019-09-12,2020-05-14
cnp,0.319,-65421.555,0.95,0.387,2019-09-12,2020-10-22
amg,0.751,-9960.0,0.97,0.629,2019-09-12,2020-05-14
dvn,0.56,-102095.484,0.973,0.674,2019-09-12,2021-01-16
cpri,3.253,90128.0,1.069,1.845,2019-09-12,2022-05-12
ctsh,1.157,377607.384,1.005,1.059,2019-09-12,2022-05-12
gd,1.38,388194.646,1.013,1.157,2019-09-12,2022-02-09
stt,1.268,77125.227,1.008,1.1,2019-09-12,2022-05-12
psxp,1.0,0.0,1.0,1.0,2019-10-17,2020-11-21
wes,1.0,0.0,1.0,1.0,2019-10-17,2020-04-10
mu,1.555,2087399.071,1.018,1.216,2019-10-17,2022-05-12
de,1.711,1276652.294,1.023,1.277,2019-10-17,2022-05-12
dcp,0.859,-44534.4,0.976,0.708,2019-10-17,2020-04-10
hii,0.835,-5280.0,0.984,0.803,2019-10-17,2020-08-18
wmb,1.16,38645.552,1.007,1.083,2019-10-17,2021-09-16
prgo,0.834,-6633.6,0.993,0.914,2019-10-17,2021-09-16
dxc,1.359,31591.085,1.013,1.161,2019-10-17,2022-01-10
moh,1.08,5120.0,1.003,1.039,2019-10-17,2021-11-10
mhk,1.164,34261.2,1.005,1.064,2019-10-17,2022-05-12
elan,1.098,15793.29,1.003,1.041,2019-10-17,2022-03-11
paa,0.69,-42281.6,0.975,0.698,2019-11-13,2020-11-21
pru,2.191,460434.687,1.039,1.477,2019-11-13,2022-05-12
oi,1.016,512.0,1.002,1.027,2019-11-13,2020-06-18
zg,1.583,55960.0,1.019,1.234,2019-11-13,2022-05-12
etsy,2.213,291066.636,1.04,1.486,2019-11-13,2022-05-12
lvs,0.616,-113798.115,0.987,0.846,2019-11-13,2022-05-12
ffiv,0.91,-10804.8,0.997,0.964,2019-11-13,2022-05-12
wynn,1.0,0.0,1.0,1.0,2019-11-13,2019-11-13
wwe,1.067,2662.4,1.009,1.111,2019-11-13,2020-06-18
spot,0.469,-225295.057,0.983,0.787,2019-11-13,2022-05-12
aon,1.319,279527.219,1.011,1.128,2019-11-13,2022-05-12
ccl,1.208,45018.549,1.007,1.084,2019-11-13,2022-05-12
ptc,1.611,24440.0,1.02,1.245,2019-11-13,2022-05-12
ipg,1.756,108824.327,1.025,1.303,2019-11-13,2022-05-12
foxa,1.075,4814.4,1.003,1.036,2019-12-12,2022-01-10
epd,1.15,23448.0,1.014,1.173,2020-01-10,2020-11-21
pypl,1.402,2229542.55,1.014,1.172,2020-01-10,2022-05-12
spgi,1.645,509635.983,1.025,1.309,2020-01-10,2022-02-09
info,1.043,25004.345,1.002,1.02,2020-01-10,2022-03-11
hig,1.159,149376.175,1.006,1.071,2020-02-11,2022-05-12
dri,1.968,131594.363,1.035,1.43,2020-02-11,2022-05-12
ma,1.095,581501.707,1.003,1.042,2020-02-11,2022-05-12
unm,1.337,29630.4,1.014,1.176,2020-02-11,2022-01-10
hlt,1.601,223755.44,1.025,1.301,2020-02-11,2022-02-09
rsg,1.922,252205.963,1.036,1.443,2020-02-11,2022-03-11
azo,1.279,24556.8,1.014,1.175,2020-02-11,2021-09-16
pnw,0.647,-19790.571,0.969,0.621,2020-02-11,2021-01-16
len,1.093,129423.469,1.003,1.041,2020-02-11,2022-05-12
chd,1.088,11231.517,1.004,1.05,2020-02-11,2021-11-10
afl,1.817,304328.741,1.034,1.409,2020-02-11,2022-02-09
clx,1.017,1459.2,1.001,1.008,2020-02-11,2022-03-11
avb,1.296,97887.219,1.013,1.155,2020-02-11,2022-01-10
amtd,0.867,-5331.2,0.969,0.62,2020-02-11,2020-06-18
wdc,1.426,88691.063,1.017,1.205,2020-02-11,2022-03-11
vrsk,1.107,18972.125,1.004,1.048,2020-02-11,2022-05-12
sna,1.343,19200.0,1.015,1.188,2020-02-11,2021-12-08
agco,1.0,0.0,1.0,1.0,2020-02-11,2020-03-10
acgl,1.118,25604.487,1.005,1.062,2020-02-11,2022-01-10
eqr,1.133,30827.465,1.005,1.064,2020-02-11,2022-03-11
mrvl,2.074,292055.498,1.039,1.477,2020-02-11,2022-05-12
pnr,1.222,10649.6,1.009,1.107,2020-02-11,2022-03-11
ibkr,0.945,-2629.376,0.997,0.966,2020-02-11,2021-09-16
mpwr,2.203,67390.72,1.044,1.535,2020-02-11,2022-05-12
mksi,1.0,0.0,1.0,1.0,2020-02-11,2020-06-18
bhf,1.585,18720.0,1.025,1.305,2020-02-11,2022-01-10
tfc,2.346,1643929.813,1.049,1.599,2020-02-11,2022-05-12
ter,1.71,113562.668,1.026,1.316,2020-02-11,2022-05-12
tel,1.566,154668.124,1.021,1.251,2020-02-11,2022-05-12
amcr,1.352,33788.833,1.014,1.176,2020-02-11,2022-02-09
zbra,2.032,214593.363,1.038,1.459,2020-02-11,2022-05-12
pgr,1.152,62871.24,1.006,1.073,2020-02-11,2022-03-11
iex,1.0,0.0,1.0,1.0,2020-02-11,2020-05-14
rjf,1.233,24253.31,1.01,1.117,2020-02-11,2022-02-09
ajg,1.534,68388.48,1.021,1.257,2020-02-11,2022-03-11
xyl,1.059,54884.599,1.002,1.029,2020-02-11,2022-03-11
qrvo,1.365,93548.616,1.013,1.162,2020-02-11,2022-05-12
amp,1.595,239801.315,1.022,1.265,2020-02-11,2022-05-12
cna,1.434,20832.0,1.02,1.238,2020-02-11,2021-12-08
nvr,1.167,97103.777,1.006,1.074,2020-02-11,2022-05-12
cdw,1.247,43542.722,1.009,1.11,2020-02-11,2022-05-12
ctva,1.205,102950.4,1.008,1.102,2020-02-11,2022-02-09
kmb,1.001,750.376,1.0,1.0,2020-02-11,2022-03-11
swks,1.633,96249.003,1.023,1.282,2020-02-11,2022-05-12
ben,1.717,137732.039,1.026,1.319,2020-02-11,2022-05-12
amd,2.564,312705.917,1.057,1.695,2020-02-11,2022-05-12
cmi,1.286,25185.331,1.015,1.179,2020-02-11,2021-09-16
lhx,0.905,-10667.382,0.995,0.94,2020-02-11,2021-09-16
pnc,1.857,888580.38,1.031,1.381,2020-02-11,2022-05-12
ntrs,1.172,54961.027,1.006,1.076,2020-02-11,2022-05-12
cinf,1.132,18079.904,1.007,1.083,2020-02-11,2021-09-16
cb,0.837,-11764.8,0.962,0.534,2020-02-11,2020-06-18
lnc,0.687,-174739.614,0.989,0.861,2020-02-11,2022-05-12
efx,1.064,21452.212,1.002,1.029,2020-03-10,2022-05-12
cma,1.508,36562.688,1.027,1.334,2020-03-10,2021-09-16
gddy,1.0,0.0,1.0,1.0,2020-03-10,2020-04-10
aiv,1.0,0.0,1.0,1.0,2020-03-10,2020-03-10
kmx,0.754,-131001.391,0.991,0.887,2020-03-10,2022-05-12
awk,0.958,-1680.0,0.996,0.951,2020-03-10,2021-01-16
bdx,1.037,72755.724,1.001,1.017,2020-03-10,2022-05-12
wcn,1.314,30185.408,1.013,1.157,2020-03-10,2022-03-11
anss,1.067,69086.168,1.003,1.031,2020-03-10,2022-05-12
bax,0.961,-17827.749,0.999,0.982,2020-03-10,2022-05-12
fitb,2.402,190666.861,1.053,1.645,2020-03-10,2022-05-12
sivb,0.878,-101298.585,0.995,0.944,2020-03-10,2022-05-12
ame,0.978,-15493.118,0.999,0.99,2020-03-10,2022-05-12
pfg,1.562,76486.451,1.025,1.306,2020-03-10,2022-01-10
dltr,1.487,89520.485,1.021,1.253,2020-03-10,2022-02-09
jnpr,1.37,26625.6,1.017,1.212,2020-03-10,2021-12-08
jci,1.263,159103.863,1.01,1.121,2020-03-10,2022-05-12
itw,1.606,351683.719,1.023,1.279,2020-03-10,2022-05-12
wtw,1.142,12480.0,1.008,1.093,2020-03-10,2021-09-16
rf,1.066,44650.224,1.002,1.03,2020-03-10,2022-05-12
syf,2.713,232947.983,1.065,1.788,2020-03-10,2022-05-12
ppg,1.371,163648.04,1.014,1.171,2020-03-10,2022-05-12
low,2.83,1054285.612,1.069,1.842,2020-03-10,2022-05-12
aig,1.745,2102890.787,1.028,1.343,2020-03-10,2022-05-12
kmi,0.883,-32291.34,0.994,0.923,2020-03-10,2021-09-16
duk,1.082,24556.288,1.004,1.054,2020-03-10,2021-09-16
trp,1.0,0.0,1.0,1.0,2020-03-10,2020-11-21
enb,0.824,-5630.4,0.979,0.749,2020-03-10,2020-11-21
sbux,1.624,3101610.916,1.024,1.287,2020-03-10,2022-05-12
trmb,2.567,200532.274,1.059,1.721,2020-03-10,2022-05-12
nlok,1.145,15125.119,1.006,1.067,2020-03-10,2022-05-12
nlsn,1.01,310.4,1.003,1.035,2020-03-10,2020-06-18
wcc,0.765,-7532.8,0.891,-0.322,2020-03-10,2020-05-14
msm,1.0,0.0,1.0,1.0,2020-03-10,2020-04-10
incy,0.948,-10349.486,0.998,0.972,2020-03-10,2022-01-10
see,1.044,1760.0,1.002,1.02,2020-03-10,2022-05-12
sjm,1.091,5092.8,1.004,1.054,2020-03-10,2021-11-10
unvr,0.901,-3184.0,0.954,0.441,2020-03-10,2020-05-14
rol,1.326,23501.44,1.015,1.187,2020-03-10,2021-12-08
comm,1.0,0.0,1.0,1.0,2020-03-10,2020-04-10
etr,0.786,-11980.48,0.979,0.75,2020-03-10,2021-01-16
txt,1.664,42498.4,1.064,1.777,2020-03-10,2021-01-16
pkg,1.518,20739.2,1.024,1.297,2020-03-10,2021-12-08
cien,0.904,-11487.232,0.996,0.956,2020-03-10,2022-05-12
arw,1.0,0.0,1.0,1.0,2020-03-10,2020-04-10
ed,0.748,-56550.187,0.986,0.834,2020-03-10,2021-09-16
iff,1.13,34742.749,1.005,1.06,2020-03-10,2022-05-12
idxx,1.468,204253.108,1.018,1.215,2020-03-10,2022-05-12
avt,1.0,0.0,1.0,1.0,2020-03-10,2020-05-14
ctra,1.076,12236.4,1.003,1.039,2020-03-10,2022-02-09
dte,0.976,-966.4,0.993,0.912,2020-03-10,2020-06-18
tsn,1.277,69067.162,1.012,1.144,2020-03-10,2022-02-09
xray,1.011,1278.779,1.0,1.005,2020-03-10,2022-05-12
trv,1.73,70070.466,1.028,1.336,2020-03-10,2022-05-12
pcar,1.105,17832.0,1.005,1.066,2020-03-10,2021-10-15
avgo,1.23,194819.443,1.009,1.115,2020-03-10,2022-03-11
snap,0.619,-481879.041,0.986,0.824,2020-03-10,2022-05-12
lsxma,1.437,62931.301,1.02,1.238,2020-04-10,2022-02-09
dell,3.114,304410.261,1.091,2.102,2020-04-10,2022-03-11
mtb,2.032,272477.075,1.041,1.494,2020-04-10,2022-05-12
tsla,1.458,2474449.561,1.018,1.219,2020-04-10,2022-05-12
hban,1.657,52562.835,1.026,1.315,2020-04-10,2022-05-12
fast,1.295,179642.714,1.012,1.142,2020-04-10,2022-05-12
dfs,2.839,191224.064,1.086,2.049,2020-04-10,2022-01-10
zbh,0.877,-32541.268,0.995,0.936,2020-04-10,2022-03-11
xrx,1.234,13094.088,1.009,1.112,2020-04-10,2022-05-12
key,2.736,97233.388,1.068,1.832,2020-04-10,2022-05-12
frc,1.505,190703.759,1.02,1.242,2020-04-10,2022-05-12
gis,1.02,4756.634,1.001,1.013,2020-04-10,2021-10-15
cfg,1.065,4160.0,1.003,1.031,2020-04-10,2022-05-12
all,1.217,45139.408,1.01,1.118,2020-04-10,2022-02-09
trow,1.119,33671.508,1.005,1.062,2020-04-10,2022-03-11
hpe,1.709,79380.568,1.033,1.404,2020-04-10,2022-01-10
tfx,1.048,6970.304,1.002,1.025,2020-04-10,2022-03-11
ibm,1.082,111231.179,1.003,1.039,2020-04-10,2022-05-12
csco,0.948,-85720.878,0.998,0.975,2020-04-10,2022-05-12
cvx,1.077,31023.16,1.004,1.053,2020-04-10,2021-09-16
trn,1.0,0.0,1.0,1.0,2020-04-10,2020-05-14
bery,1.185,5920.0,1.007,1.089,2020-04-10,2022-05-12
bbwi,3.505,300651.957,1.099,2.2,2020-04-10,2022-05-12
holx,1.204,40706.617,1.009,1.111,2020-04-10,2022-02-09
eaf,1.0,0.0,1.0,1.0,2020-04-10,2020-04-10
lpla,2.035,57939.456,1.046,1.564,2020-04-10,2022-02-09
rrc,1.0,0.0,1.0,1.0,2020-04-10,2020-05-14
lii,0.92,-2560.0,0.997,0.958,2020-04-10,2022-03-11
crl,1.386,37041.6,1.017,1.201,2020-04-10,2022-03-11
six,1.0,0.0,1.0,1.0,2020-04-10,2020-05-14
cgnx,1.0,0.0,1.0,1.0,2020-04-10,2020-05-14
iaa,1.0,0.0,1.0,1.0,2020-04-10,2022-03-11
cbre,1.095,23644.194,1.004,1.046,2020-04-10,2022-05-12
vst,0.936,-2548.8,0.992,0.907,2020-04-10,2020-12-17
whr,1.534,68300.8,1.026,1.321,2020-04-10,2021-12-08
evr,1.0,0.0,1.0,1.0,2020-04-10,2020-05-14
kkr,2.781,1589812.966,1.07,1.853,2020-04-10,2022-05-12
vmc,1.573,96315.107,1.023,1.275,2020-04-10,2022-05-12
qgen,0.887,-5440.0,0.996,0.946,2020-04-10,2022-05-12
ads,1.638,25516.8,1.029,1.348,2020-04-10,2022-02-09
rhi,1.92,29440.0,1.041,1.501,2020-04-10,2022-02-09
rga,1.299,38261.899,1.015,1.18,2020-04-10,2021-12-08
ivz,1.0,0.0,1.0,1.0,2020-04-10,2020-05-14
msgs,0.97,-1920.0,0.999,0.983,2020-04-10,2022-01-10
okta,0.814,-46187.008,0.992,0.903,2020-04-10,2022-03-11
mtn,1.667,26688.0,1.038,1.465,2020-04-10,2021-09-16
axta,1.542,135437.44,1.021,1.259,2020-04-10,2022-05-12
tru,0.86,-37145.586,0.994,0.933,2020-04-10,2022-05-12
znga,0.893,-53331.839,0.996,0.949,2020-04-10,2022-05-12
chh,1.0,0.0,1.0,1.0,2020-04-10,2021-09-16
nyt,1.195,18760.961,1.008,1.102,2020-04-10,2022-03-11
bki,1.056,2256.0,1.003,1.042,2020-04-10,2021-08-14
wwd,1.0,0.0,1.0,1.0,2020-04-10,2020-08-18
dox,0.943,-6439.5,0.997,0.968,2020-04-10,2022-01-10
ghc,1.0,0.0,1.0,1.0,2020-04-10,2020-05-14
sui,0.915,-11700.0,0.996,0.956,2020-04-10,2022-03-11
ldos,0.97,-4090.0,0.999,0.984,2020-04-10,2022-02-09
ctlt,1.602,38518.4,1.027,1.33,2020-05-14,2022-03-11
tpx,2.62,38880.0,1.085,2.032,2020-05-14,2021-12-08
omf,1.0,0.0,1.0,1.0,2020-05-14,2020-05-14
mtg,1.867,41600.0,1.039,1.475,2020-05-14,2022-03-11
csgp,1.194,85478.889,1.008,1.097,2020-05-14,2022-05-12
cprt,0.897,-59652.418,0.996,0.948,2020-05-14,2022-05-12
sre,1.053,5091.2,1.007,1.089,2020-05-14,2020-12-17
lamr,1.0,0.0,1.0,1.0,2020-05-14,2020-05-14
pins,1.18,14406.4,1.007,1.09,2020-05-14,2022-05-12
dbrg,1.0,0.0,1.0,1.0,2020-05-14,2020-05-14
nxpi,1.06,15295.225,1.002,1.03,2020-05-14,2022-05-12
cck,0.98,-640.0,0.999,0.986,2020-05-14,2021-10-15
yumc,1.0,0.0,1.0,1.0,2020-05-14,2022-05-12
yndx,0.539,-218608.504,0.979,0.748,2020-05-14,2022-03-11
phm,1.331,60913.708,1.016,1.191,2020-06-18,2022-03-11
exp,1.0,0.0,1.0,1.0,2020-06-18,2020-06-18
epr,1.0,0.0,1.0,1.0,2020-06-18,2020-10-22
avy,0.909,-17574.493,0.996,0.952,2020-06-18,2022-05-12
bro,1.005,160.0,1.0,1.004,2020-06-18,2021-09-16
dpz,0.796,-67394.265,0.991,0.893,2020-06-18,2022-05-12
cacc,1.0,0.0,1.0,1.0,2020-06-18,2021-08-14
uhal,1.34,10880.0,1.015,1.179,2020-06-18,2022-05-12
hei,1.0,0.0,1.0,1.0,2020-06-18,2021-07-14
hhc,1.0,0.0,1.0,1.0,2020-06-18,2021-09-16
bam,1.0,0.0,1.0,1.0,2020-06-18,2021-07-14
kw,1.0,0.0,1.0,1.0,2020-06-18,2021-08-14
wix,1.0,0.0,1.0,1.0,2020-06-18,2021-08-14
qsr,1.0,0.0,1.0,1.0,2020-06-18,2021-08-14
fnf,1.0,0.0,1.0,1.0,2020-06-18,2022-05-12
bipc,1.0,0.0,1.0,1.0,2020-06-18,2021-03-13
mkl,1.0,0.0,1.0,1.0,2020-06-18,2021-08-14
tyl,1.045,6159.63,1.002,1.025,2020-07-18,2022-05-12
chkp,0.995,-160.0,1.0,0.996,2020-08-18,2021-10-15
oge,1.0,0.0,1.0,1.0,2020-08-18,2020-10-22
hxl,1.678,54257.6,1.052,1.628,2020-08-18,2021-09-16
trgp,0.92,-6400.0,0.975,0.695,2020-08-18,2020-11-21
fls,1.15,4812.8,1.011,1.139,2020-08-18,2021-09-16
agr,1.0,0.0,1.0,1.0,2020-08-18,2020-10-22
fslr,1.0,0.0,1.0,1.0,2020-08-18,2021-09-16
nep,1.0,0.0,1.0,1.0,2020-09-19,2020-11-21
bepc,1.0,0.0,1.0,1.0,2020-09-19,2021-03-13
bfam,1.0,0.0,1.0,1.0,2020-09-19,2021-08-14
vsat,1.055,3513.6,1.019,1.233,2020-10-22,2021-01-16
ppc,1.326,23507.2,1.024,1.289,2020-10-22,2021-12-08
ago,1.0,0.0,1.0,1.0,2020-10-22,2020-10-22
ayi,1.0,0.0,1.0,1.0,2020-10-22,2021-11-10
dgx,1.113,12707.587,1.007,1.082,2020-10-22,2022-03-11
ehc,1.0,0.0,1.0,1.0,2020-10-22,2021-11-10
tdc,1.0,0.0,1.0,1.0,2020-10-22,2020-10-22
cern,1.038,4250.424,1.003,1.034,2020-10-22,2021-12-08
usfd,1.028,1120.0,1.002,1.023,2020-10-22,2022-01-10
hae,1.173,4160.0,1.093,2.13,2020-10-22,2020-12-17
cboe,1.0,0.0,1.0,1.0,2020-10-22,2020-12-17
coo,0.931,-10969.658,0.996,0.956,2020-10-22,2022-05-12
ori,1.0,0.0,1.0,1.0,2020-10-22,2021-12-08
post,1.0,0.0,1.0,1.0,2020-10-22,2021-11-10
hsic,1.0,0.0,1.0,1.0,2020-10-22,2021-11-10
otis,0.904,-61351.09,0.994,0.932,2020-12-17,2022-05-12
stx,1.322,48945.967,1.019,1.23,2020-12-17,2022-05-12
dxcm,0.898,-61038.624,0.993,0.917,2020-12-17,2022-03-11
sage,1.0,0.0,1.0,1.0,2020-12-17,2021-09-16
kex,1.0,0.0,1.0,1.0,2020-12-17,2021-12-08
nbix,1.0,0.0,1.0,1.0,2020-12-17,2021-09-16
gild,1.033,14114.183,1.002,1.028,2021-03-13,2022-05-12
carr,0.984,-7165.893,0.999,0.986,2021-03-13,2022-05-12
met,1.092,53589.461,1.008,1.101,2021-03-13,2022-02-09
mtch,0.741,-704409.496,0.982,0.778,2021-03-13,2022-05-12
ares,1.081,3232.0,1.01,1.121,2021-06-11,2022-02-09
els,1.0,0.0,1.0,1.0,2021-09-16,2022-03-11
ohi,1.0,0.0,1.0,1.0,2021-09-16,2022-05-12
wrb,1.183,5864.0,1.047,1.577,2021-09-16,2022-01-10
ndsn,1.0,0.0,1.0,1.0,2021-09-16,2022-05-12
penn,0.488,-61396.992,0.936,0.215,2021-09-16,2022-05-12
docu,0.608,-228281.936,0.951,0.398,2021-09-16,2022-05-12
skx,0.927,-5861.069,0.991,0.888,2021-09-16,2022-05-12
cri,1.0,0.0,1.0,1.0,2021-09-16,2022-02-09
maa,1.0,0.0,1.0,1.0,2021-09-16,2021-09-16
gnrc,0.487,-69743.749,0.935,0.214,2021-09-16,2022-05-12
deck,1.0,0.0,1.0,1.0,2021-09-16,2021-11-10
apo,1.0,0.0,1.0,1.0,2021-09-16,2022-05-12
colm,1.0,0.0,1.0,1.0,2021-09-16,2021-11-10
veev,0.648,-22539.2,0.94,0.27,2021-09-16,2022-03-11
pvh,0.695,-24362.368,0.962,0.533,2021-09-16,2022-05-12
bio,0.694,-29329.421,0.961,0.531,2021-09-16,2022-05-12
czr,0.599,-51299.21,0.949,0.385,2021-09-16,2022-05-12
siri,1.162,11692.8,1.033,1.406,2021-09-16,2022-02-09
ste,1.046,6223.282,1.008,1.095,2021-09-16,2022-03-11
mktx,0.942,-6070.272,0.988,0.854,2021-09-16,2022-02-09
cpb,1.0,0.0,1.0,1.0,2021-09-16,2021-11-10
enph,0.886,-16483.2,0.976,0.714,2021-09-16,2022-02-09
fbhs,0.873,-18233.344,0.984,0.806,2021-09-16,2022-05-12
wst,0.936,-12288.0,0.989,0.868,2021-09-16,2022-03-11
mas,1.041,2598.4,1.005,1.062,2021-09-16,2022-05-12
cag,0.985,-1046.4,0.996,0.954,2021-09-16,2022-01-10
ndaq,0.858,-115029.187,0.982,0.782,2021-09-16,2022-05-12
fcx,1.158,13938.64,1.057,1.697,2021-09-16,2021-12-08
ewbc,0.877,-13000.0,0.984,0.811,2021-09-16,2022-05-12
mufg,1.137,7800.0,1.028,1.342,2021-09-16,2022-02-09
cbsh,1.137,7800.0,1.028,1.342,2021-09-16,2022-02-09
nvs,1.0,0.0,1.0,1.0,2021-09-16,2022-02-09
cfr,1.331,18850.0,1.068,1.827,2021-09-16,2022-02-09
mrna,0.588,-278855.878,0.948,0.369,2021-09-16,2022-05-12
rpm,1.053,8648.5,1.011,1.133,2021-09-16,2022-02-09
mgddy,1.029,2600.0,1.005,1.06,2021-09-16,2022-03-11
abnb,1.044,28689.614,1.007,1.091,2021-09-16,2022-03-11
sony,0.84,-28175.0,0.98,0.755,2021-09-16,2022-05-12
cms,1.0,0.0,1.0,1.0,2021-09-16,2021-09-16
scco,1.01,310.4,1.005,1.064,2021-09-16,2021-11-10
rgld,0.91,-2880.0,0.977,0.717,2021-09-16,2022-01-10
lkq,0.927,-4070.4,0.991,0.889,2021-09-16,2022-05-12
srcl,1.0,0.0,1.0,1.0,2021-09-16,2021-09-16
pool,0.99,-2294.44,0.999,0.985,2021-09-16,2022-05-12
snow,0.754,-19660.8,0.958,0.49,2021-09-16,2022-03-11
ttd,0.816,-35268.985,0.977,0.718,2021-09-16,2022-05-12
cvna,0.928,-2880.0,0.985,0.82,2021-09-16,2022-02-09
gh,1.0,0.0,1.0,1.0,2021-09-16,2022-01-10
crwd,0.792,-16603.2,0.974,0.682,2021-09-16,2022-05-12
zm,0.309,-77421.329,0.913,-0.06,2021-09-16,2022-05-12
ppruy,0.655,-44872.0,0.956,0.471,2021-09-16,2022-05-12
rblx,1.053,1280.0,1.014,1.168,2021-09-16,2022-01-10
lvmuy,1.146,20118.4,1.03,1.364,2021-09-16,2022-02-09
adyey,0.864,-14300.0,0.965,0.574,2021-09-16,2022-01-10
twlo,0.482,-176809.964,0.935,0.206,2021-09-16,2022-05-12
bntx,1.0,0.0,1.0,1.0,2021-09-16,2022-02-09
hubs,0.392,-97237.758,0.923,0.068,2021-09-16,2022-05-12
alc,0.969,-1760.0,0.995,0.935,2021-09-16,2022-03-11
shop,0.637,-44072.2,0.954,0.444,2021-09-16,2022-05-12
ions,1.0,0.0,1.0,1.0,2021-10-15,2021-10-15
hznp,0.882,-3784.0,0.934,0.201,2021-10-15,2021-12-08
dva,0.988,-387.2,0.996,0.949,2021-10-15,2022-01-10
smg,1.0,0.0,1.0,1.0,2021-10-15,2021-10-15
cday,0.764,-47158.88,0.966,0.588,2021-10-15,2022-05-12
gntx,1.0,0.0,1.0,1.0,2021-10-15,2022-02-09
ggg,1.0,0.0,1.0,1.0,2021-10-15,2022-03-11
cabo,0.898,-4092.8,0.974,0.681,2021-10-15,2022-02-09
se,0.828,-8280.0,0.904,-0.166,2021-10-15,2021-12-08
flex,1.0,0.0,1.0,1.0,2021-11-10,2021-12-08
zs,0.701,-16723.2,0.951,0.404,2021-11-10,2022-05-12
roku,0.66,-129470.932,0.944,0.321,2021-11-10,2022-05-12
rgen,0.828,-13747.2,0.972,0.657,2021-11-10,2022-05-12
cg,1.0,0.0,1.0,1.0,2021-11-10,2022-03-11
pstg,0.946,-2176.0,0.982,0.782,2021-11-10,2022-02-09
ftch,0.474,-21024.0,0.83,-1.063,2021-12-08,2022-03-11
tsm,0.751,-26384.0,0.952,0.414,2021-12-08,2022-05-12
iart,1.0,0.0,1.0,1.0,2021-12-08,2021-12-08
peak,1.04,960.0,1.036,1.442,2021-12-08,2022-01-10
masi,0.678,-15456.0,0.938,0.242,2021-12-08,2022-05-12
ogn,1.0,0.0,1.0,1.0,2021-12-08,2022-02-09
avtr,1.0,0.0,1.0,1.0,2021-12-08,2022-02-09
tech,0.914,-11038.4,0.983,0.798,2021-12-08,2022-05-12
uthr,1.0,0.0,1.0,1.0,2021-12-08,2022-01-10
jazz,1.048,1920.0,1.044,1.531,2021-12-08,2022-01-10
gmed,1.0,0.0,1.0,1.0,2021-12-08,2022-01-10
eeft,1.0,0.0,1.0,1.0,2021-12-08,2021-12-08
stne,1.033,1600.0,1.006,1.078,2021-12-08,2022-05-12
jkhy,1.0,0.0,1.0,1.0,2021-12-08,2021-12-08
wu,1.04,1280.0,1.036,1.442,2021-12-08,2022-01-10
oled,0.816,-7360.0,0.964,0.567,2021-12-08,2022-05-12
tdy,1.0,0.0,1.0,1.0,2021-12-08,2022-01-10
trip,1.0,0.0,1.0,1.0,2022-01-10,2022-01-10
pltr,0.8,-4800.0,0.9,-0.217,2022-01-10,2022-03-11
nxst,1.0,0.0,1.0,1.0,2022-01-10,2022-01-10
zi,0.902,-5500.8,0.976,0.706,2022-01-10,2022-05-12
pltk,0.892,-5177.6,0.973,0.677,2022-01-10,2022-05-12
iac,0.874,-7040.0,0.969,0.624,2022-01-10,2022-05-12
run,1.0,0.0,1.0,1.0,2022-01-10,2022-02-09
rare,1.0,0.0,1.0,1.0,2022-01-10,2022-02-09
avlr,0.772,-27339.008,0.944,0.318,2022-01-10,2022-05-12
coup,0.728,-30512.0,0.933,0.185,2022-01-10,2022-05-12
casy,1.0,0.0,1.0,1.0,2022-01-10,2022-01-10
pen,0.87,-4160.0,0.87,-0.582,2022-01-10,2022-02-09
voya,1.0,0.0,1.0,1.0,2022-01-10,2022-01-10
sedg,1.225,14400.0,1.225,3.738,2022-02-09,2022-03-11
csl,1.12,2880.0,1.039,1.476,2022-02-09,2022-05-12
trex,1.0,0.0,1.0,1.0,2022-02-09,2022-03-11
pacw,1.0,0.0,1.0,1.0,2022-02-09,2022-05-12
fnd,0.728,-10880.0,0.911,-0.079,2022-02-09,2022-05-12
bill,0.64,-8640.0,0.883,-0.428,2022-02-09,2022-05-12
estc,0.763,-17084.8,0.923,0.059,2022-02-09,2022-05-12
dash,0.97,-1912.0,0.99,0.881,2022-02-09,2022-05-12
site,1.0,0.0,1.0,1.0,2022-02-09,2022-03-11
wal,0.937,-3520.0,0.98,0.751,2022-02-09,2022-05-12
bldr,1.0,0.0,1.0,1.0,2022-02-09,2022-05-12
sbny,0.995,-160.0,0.998,0.98,2022-02-09,2022-05-12
hlf,1.0,0.0,1.0,1.0,2022-02-09,2022-02-09
mdb,1.0,0.0,1.0,1.0,2022-02-09,2022-02-09
ddog,0.703,-14233.6,0.903,-0.176,2022-02-09,2022-05-12
epam,0.905,-4556.8,0.969,0.623,2022-02-09,2022-05-12
bx,1.0,0.0,1.0,1.0,2022-02-09,2022-02-09
chwy,0.437,-27033.6,0.816,-1.234,2022-02-09,2022-05-12
evbg,0.72,-8960.0,0.72,-2.407,2022-02-09,2022-03-11
pega,0.603,-22215.232,0.871,-0.574,2022-02-09,2022-05-12
manh,1.0,0.0,1.0,1.0,2022-03-11,2022-03-11
smar,1.0,0.0,1.0,1.0,2022-03-11,2022-03-11
dbx,1.0,0.0,1.0,1.0,2022-03-11,2022-03-11
invh,1.0,0.0,1.0,1.0,2022-03-11,2022-03-11
pcty,1.0,0.0,1.0,1.0,2022-03-11,2022-03-11
infn,0.746,-26430.4,0.877,-0.496,2022-03-11,2022-05-12
nvcr,1.0,0.0,1.0,1.0,2022-03-11,2022-03-11
alle,1.0,0.0,1.0,1.0,2022-03-11,2022-03-11
plug,1.0,0.0,1.0,1.0,2022-03-11,2022-03-11
adpt,1.0,0.0,1.0,1.0,2022-03-11,2022-03-11
atr,1.0,0.0,1.0,1.0,2022-03-11,2022-03-11
asml,0.866,-9750.0,0.862,-0.681,2022-04-11,2022-05-10
lyft,1.0,0.0,1.0,1.0,2022-05-12,2022-05-12
five,1.0,0.0,1.0,1.0,2022-05-12,2022-05-12
itt,1.0,0.0,1.0,1.0,2022-05-12,2022-05-12
xpo,1.0,0.0,1.0,1.0,2022-05-12,2022-05-12
snv,1.0,0.0,1.0,1.0,2022-05-12,2022-05-12
wbs,1.0,0.0,1.0,1.0,2022-05-12,2022-05-12
zion,1.0,0.0,1.0,1.0,2022-05-12,2022-05-12
nvo,1.0,0.0,1.0,1.0,2022-05-12,2022-05-12
